epoch,c1_accuracy,c1_loss,c2_accuracy,c2_loss,c3_accuracy,c3_loss,c4_accuracy,c4_loss,loss,val_c1_accuracy,val_c1_loss,val_c2_accuracy,val_c2_loss,val_c3_accuracy,val_c3_loss,val_c4_accuracy,val_c4_loss,val_loss
0,0.6430000066757202,1.2965552806854248,0.6110000014305115,1.4179224967956543,0.6118828058242798,1.4100425243377686,0.6477656364440918,1.2798348665237427,5.404351234436035,0.9620312452316284,0.14208285510540009,0.9474999904632568,0.15828143060207367,0.9435155987739563,0.1778162121772766,0.9733593463897705,0.08455286175012589,0.5627334117889404
