epoch,c1_accuracy,c1_loss,c2_accuracy,c2_loss,c3_accuracy,c3_loss,c4_accuracy,c4_loss,loss,val_c1_accuracy,val_c1_loss,val_c2_accuracy,val_c2_loss,val_c3_accuracy,val_c3_loss,val_c4_accuracy,val_c4_loss,val_loss
0,0.7693125009536743,0.8410549759864807,0.735644519329071,0.965557873249054,0.7377539277076721,0.9612097144126892,0.7728437781333923,0.8314172625541687,3.599238634109497,0.9803125262260437,0.06027941778302193,0.9646875262260437,0.11196769028902054,0.9664843678474426,0.10934379696846008,0.983593761920929,0.04899956285953522,0.3305904269218445
