epoch,c1_accuracy,c1_loss,c2_accuracy,c2_loss,c3_accuracy,c3_loss,c4_accuracy,c4_loss,loss,val_c1_accuracy,val_c1_loss,val_c2_accuracy,val_c2_loss,val_c3_accuracy,val_c3_loss,val_c4_accuracy,val_c4_loss,val_loss
0,0.027249999344348907,3.7688651084899902,0.027671875432133675,3.782521963119507,0.0283359382301569,3.791616916656494,0.027460938319563866,3.7749814987182617,15.117996215820312,0.027187500149011612,3.5937998294830322,0.026796875521540642,3.5913949012756348,0.027421874925494194,3.5890588760375977,0.026093749329447746,3.592877149581909,14.367130279541016
